{"cameraMode":{"drawMode":0,"name":"Shaded","section":"Shading Mode"},"sceneLighting":true,"audioPlay":false,"sceneViewState":{"showFog":true,"showMaterialUpdate":true,"showSkybox":true,"showFlares":true,"showImageEffects":true,"showParticleSystems":true},"in2DMode":false,"pivot":{"x":1.1803507804870606,"y":-16.702499389648439,"z":7.391812801361084},"rotation":{"x":0.19549137353897096,"y":-0.3431454300880432,"z":0.07325134426355362,"w":0.9157950282096863},"size":5.842652797698975,"orthographic":false}