{"cameraMode":{"drawMode":0,"name":"Shaded","section":"Shading Mode"},"sceneLighting":false,"audioPlay":false,"sceneViewState":{"showFog":true,"showMaterialUpdate":true,"showSkybox":false,"showFlares":true,"showImageEffects":true,"showParticleSystems":true},"in2DMode":false,"pivot":{"x":-8.85275650024414,"y":85.86732482910156,"z":-5.371009349822998},"rotation":{"x":-0.27653738856315615,"y":0.22379274666309358,"z":-0.06626485288143158,"w":-0.9323614835739136},"size":2.1128199100494386,"orthographic":false}