{"cameraMode":{"drawMode":0,"name":"Shaded","section":"Shading Mode"},"sceneLighting":false,"audioPlay":false,"sceneViewState":{"showFog":true,"showMaterialUpdate":true,"showSkybox":false,"showFlares":true,"showImageEffects":true,"showParticleSystems":true},"in2DMode":false,"pivot":{"x":0.17287111282348634,"y":-0.6739585399627686,"z":0.2636899948120117},"rotation":{"x":0.22296881675720216,"y":0.32447898387908938,"z":-0.07899320870637894,"w":0.9158437252044678},"size":3.117988348007202,"orthographic":false}