{"cameraMode":{"drawMode":0,"name":"Shaded","section":"Shading Mode"},"sceneLighting":false,"audioPlay":false,"sceneViewState":{"showFog":true,"showMaterialUpdate":true,"showSkybox":false,"showFlares":true,"showImageEffects":true,"showParticleSystems":true},"in2DMode":false,"pivot":{"x":2.800271511077881,"y":88.96973419189453,"z":4.059590816497803},"rotation":{"x":-0.09588675945997238,"y":0.5706800818443298,"z":-0.06713748723268509,"w":-0.812941312789917},"size":6.917355537414551,"orthographic":false}