{"cameraMode":{"drawMode":0,"name":"Shaded","section":"Shading Mode"},"sceneLighting":true,"audioPlay":false,"sceneViewState":{"showFog":true,"showMaterialUpdate":true,"showSkybox":false,"showFlares":true,"showImageEffects":true,"showParticleSystems":true},"in2DMode":false,"pivot":{"x":-14.542686462402344,"y":4.510754108428955,"z":-2.2364349365234377},"rotation":{"x":-0.01956755667924881,"y":0.9786699414253235,"z":-0.10935232043266297,"w":-0.17320415377616883},"size":10.0,"orthographic":false}