{"cameraMode":{"drawMode":0,"name":"Shaded","section":"Shading Mode"},"sceneLighting":false,"audioPlay":false,"sceneViewState":{"showFog":true,"showMaterialUpdate":false,"showSkybox":false,"showFlares":true,"showImageEffects":true,"showParticleSystems":true},"in2DMode":false,"pivot":{"x":0.8318579196929932,"y":-0.2186751365661621,"z":0.5326845049858093},"rotation":{"x":0.2038942128419876,"y":0.5768611431121826,"z":-0.15148349106311799,"w":0.7763956785202026},"size":2.7108304500579836,"orthographic":false}