{"cameraMode":{"drawMode":0,"name":"Shaded","section":"Shading Mode"},"sceneLighting":false,"audioPlay":false,"sceneViewState":{"showFog":true,"showMaterialUpdate":true,"showSkybox":false,"showFlares":true,"showImageEffects":true,"showParticleSystems":true},"in2DMode":false,"pivot":{"x":7.28163480758667,"y":88.06634521484375,"z":4.37019681930542},"rotation":{"x":-0.322466641664505,"y":0.24876461923122407,"z":-0.08812110126018524,"w":-0.9091827273368836},"size":3.3173539638519289,"orthographic":false}