{"cameraMode":{"drawMode":0,"name":"Shaded","section":"Shading Mode"},"sceneLighting":true,"audioPlay":false,"sceneViewState":{"showFog":true,"showMaterialUpdate":true,"showSkybox":false,"showFlares":true,"showImageEffects":true,"showParticleSystems":true},"in2DMode":false,"pivot":{"x":5.259271621704102,"y":7.3862690925598148,"z":5.132076263427734},"rotation":{"x":0.014674863778054715,"y":-0.04588310047984123,"z":-0.0006416946998797357,"w":-0.9988959431648254},"size":13.022601127624512,"orthographic":false}