{"cameraMode":{"drawMode":0,"name":"Shaded","section":"Shading Mode"},"sceneLighting":false,"audioPlay":false,"sceneViewState":{"showFog":true,"showMaterialUpdate":true,"showSkybox":false,"showFlares":true,"showImageEffects":true,"showParticleSystems":true},"in2DMode":false,"pivot":{"x":-1.1920928955078126e-7,"y":4.100578308105469,"z":0.0014814138412475587},"rotation":{"x":-0.27653738856315615,"y":0.22379274666309358,"z":-0.06626485288143158,"w":-0.9323614835739136},"size":4.646232604980469,"orthographic":false}