{"cameraMode":{"drawMode":0,"name":"Shaded","section":"Shading Mode"},"sceneLighting":false,"audioPlay":false,"sceneViewState":{"showFog":true,"showMaterialUpdate":true,"showSkybox":false,"showFlares":true,"showImageEffects":true,"showParticleSystems":true},"in2DMode":false,"pivot":{"x":3.7672619819641115,"y":98.06184387207031,"z":1.151965856552124},"rotation":{"x":-0.1283603459596634,"y":-0.8471104502677918,"z":0.23846274614334107,"w":-0.4574064016342163},"size":4.076132297515869,"orthographic":false}