{"cameraMode":{"drawMode":0,"name":"Shaded","section":"Shading Mode"},"sceneLighting":false,"audioPlay":false,"sceneViewState":{"showFog":true,"showMaterialUpdate":true,"showSkybox":false,"showFlares":true,"showImageEffects":true,"showParticleSystems":true},"in2DMode":false,"pivot":{"x":0.5545633435249329,"y":0.10455763339996338,"z":3.1138880252838136},"rotation":{"x":-0.15034914016723634,"y":-0.7774057388305664,"z":0.20294128358364106,"w":-0.5762096047401428},"size":0.9949244856834412,"orthographic":false}