{"cameraMode":{"drawMode":0,"name":"Shaded","section":"Shading Mode"},"sceneLighting":false,"audioPlay":false,"sceneViewState":{"showFog":true,"showMaterialUpdate":true,"showSkybox":false,"showFlares":true,"showImageEffects":true,"showParticleSystems":true},"in2DMode":false,"pivot":{"x":-0.0284726619720459,"y":0.2910820245742798,"z":2.2060325145721437},"rotation":{"x":-0.0964743047952652,"y":-0.8154186010360718,"z":0.14235474169254304,"w":-0.5528871417045593},"size":0.6949244737625122,"orthographic":false}