{"cameraMode":{"drawMode":0,"name":"Shaded","section":"Shading Mode"},"sceneLighting":false,"audioPlay":false,"sceneViewState":{"showFog":true,"showMaterialUpdate":true,"showSkybox":false,"showFlares":true,"showImageEffects":true,"showParticleSystems":true},"in2DMode":false,"pivot":{"x":0.12877869606018067,"y":91.88752746582031,"z":-6.943288803100586},"rotation":{"x":-0.27653738856315615,"y":0.22379274666309358,"z":-0.06626485288143158,"w":-0.9323614835739136},"size":6.227441787719727,"orthographic":false}