{"cameraMode":{"drawMode":0,"name":"Shaded","section":"Shading Mode"},"sceneLighting":true,"audioPlay":false,"sceneViewState":{"showFog":true,"showMaterialUpdate":true,"showSkybox":true,"showFlares":true,"showImageEffects":true,"showParticleSystems":true},"in2DMode":false,"pivot":{"x":260.8719787597656,"y":162.34445190429688,"z":-135.9720458984375},"rotation":{"x":0.03630427271127701,"y":0.005374016240239143,"z":-0.00035435662721283734,"w":0.9994556903839111},"size":82.046630859375,"orthographic":false}