{"cameraMode":{"drawMode":0,"name":"Shaded","section":"Shading Mode"},"sceneLighting":false,"audioPlay":false,"sceneViewState":{"showFog":true,"showMaterialUpdate":true,"showSkybox":false,"showFlares":true,"showImageEffects":true,"showParticleSystems":true},"in2DMode":false,"pivot":{"x":3.737922430038452,"y":97.26415252685547,"z":2.216099262237549},"rotation":{"x":-0.16937528550624848,"y":-0.7433596849441528,"z":0.20572739839553834,"w":-0.6136472225189209},"size":3.776132345199585,"orthographic":false}