{"cameraMode":{"drawMode":0,"name":"Shaded","section":"Shading Mode"},"sceneLighting":false,"audioPlay":false,"sceneViewState":{"showFog":true,"showMaterialUpdate":true,"showSkybox":false,"showFlares":true,"showImageEffects":true,"showParticleSystems":true},"in2DMode":false,"pivot":{"x":0.23467588424682618,"y":73.74797821044922,"z":-1.6559498310089112},"rotation":{"x":0.09824560582637787,"y":-0.9009973406791687,"z":0.2775317132472992,"w":0.31889310479164126},"size":3.417987108230591,"orthographic":false}