{"cameraMode":{"drawMode":0,"name":"Shaded","section":"Shading Mode"},"sceneLighting":false,"audioPlay":false,"sceneViewState":{"showFog":true,"showMaterialUpdate":true,"showSkybox":false,"showFlares":true,"showImageEffects":true,"showParticleSystems":true},"in2DMode":false,"pivot":{"x":271.51837158203127,"y":128.4141387939453,"z":-139.5135955810547},"rotation":{"x":0.07959887385368347,"y":0.05616798996925354,"z":-0.004652008879929781,"w":0.9953622817993164},"size":10.0,"orthographic":false}