{"cameraMode":{"drawMode":0,"name":"Shaded","section":"Shading Mode"},"sceneLighting":false,"audioPlay":false,"sceneViewState":{"showFog":true,"showMaterialUpdate":true,"showSkybox":false,"showFlares":true,"showImageEffects":true,"showParticleSystems":true},"in2DMode":false,"pivot":{"x":0.7368596196174622,"y":190.7130889892578,"z":-0.9858487844467163},"rotation":{"x":-0.15016387403011323,"y":-0.6931653022766113,"z":0.1513129323720932,"w":-0.6886434555053711},"size":0.3949244022369385,"orthographic":false}