{"cameraMode":{"drawMode":0,"name":"Shaded","section":"Shading Mode"},"sceneLighting":false,"audioPlay":false,"sceneViewState":{"showFog":true,"showMaterialUpdate":true,"showSkybox":false,"showFlares":true,"showImageEffects":true,"showParticleSystems":true},"in2DMode":false,"pivot":{"x":8.413939476013184,"y":95.28269958496094,"z":-3.844855546951294},"rotation":{"x":-0.27653738856315615,"y":0.22379274666309358,"z":-0.06626485288143158,"w":-0.9323614835739136},"size":1.7169780731201172,"orthographic":false}