{"cameraMode":{"drawMode":0,"name":"Shaded","section":"Shading Mode"},"sceneLighting":false,"audioPlay":false,"sceneViewState":{"showFog":true,"showMaterialUpdate":true,"showSkybox":false,"showFlares":true,"showImageEffects":true,"showParticleSystems":true},"in2DMode":false,"pivot":{"x":0.0,"y":0.0005641132593154907,"z":-0.015119217336177826},"rotation":{"x":0.03287917375564575,"y":-0.9662483334541321,"z":0.2017136961221695,"w":0.15731972455978394},"size":0.7051894068717957,"orthographic":false}