{"cameraMode":{"drawMode":0,"name":"Shaded","section":"Shading Mode"},"sceneLighting":true,"audioPlay":false,"sceneViewState":{"showFog":true,"showMaterialUpdate":true,"showSkybox":true,"showFlares":true,"showImageEffects":true,"showParticleSystems":true},"in2DMode":false,"pivot":{"x":12.751160621643067,"y":90.13235473632813,"z":-2.0922422409057619},"rotation":{"x":-0.27653738856315615,"y":0.22379274666309358,"z":-0.06626485288143158,"w":-0.9323614835739136},"size":7.687936305999756,"orthographic":false}